Date,Product,Region,Customer_Type,Quantity,Price,Discount,Revenue
2024-06-17,Prints,West,Art Collectors,93,486.45,0.12,39811.07
2024-06-14,Merchandise,East,General Public,23,43.84,0.16,846.99
2024-06-22,Prints,West,General Public,18,223.59,0.12,3541.67
2024-02-07,Commissions,East,Art Collectors,23,447.69,0.14,8855.31
2024-11-17,Prints,North,Art Collectors,31,403.19,0.05,11873.95
2024-06-09,Prints,North,General Public,58,373.35,0.11,19272.33
2024-06-18,Commissions,East,General Public,44,277.04,0.17,10117.5
2024-07-17,Prints,East,Art Collectors,59,55.07,0.19,2631.8
2024-02-13,Commissions,North,General Public,78,189.84,0.09,13474.84
2024-02-08,Commissions,West,General Public,15,98.83,0.2,1185.96
2024-12-10,Prints,North,General Public,97,275.28,0.1,24031.94
2024-02-02,Merchandise,East,General Public,3,139.14,0.28,300.54
2024-12-16,Prints,East,Art Collectors,60,299.55,0.2,14378.4
2024-07-14,Merchandise,North,Art Collectors,67,53.75,0.07,3349.16
2024-10-07,Merchandise,East,General Public,41,320.09,0.14,11286.37
2024-12-05,Prints,East,Art Collectors,82,267.66,0.1,19753.31
2024-10-25,Merchandise,East,General Public,56,439.14,0.01,24345.92
2024-03-24,Prints,West,Art Collectors,63,331.25,0.13,18155.81
2024-07-22,Commissions,South,General Public,73,476.69,0.21,27490.71
2024-03-30,Commissions,North,Art Collectors,10,340.12,0.01,3367.19
2024-07-26,Commissions,West,Art Collectors,31,376.02,0.29,8276.2
2024-05-22,Merchandise,North,General Public,7,290.81,0.02,1994.96
2024-05-07,Commissions,West,General Public,41,145.46,0.05,5665.67
2024-12-04,Prints,West,General Public,80,221.75,0.06,16675.6
2024-12-30,Commissions,East,General Public,94,428.06,0.11,35811.5
2024-05-06,Merchandise,West,Art Collectors,89,330.64,0.08,27072.8
2024-03-06,Prints,North,Art Collectors,70,403.02,0.0,28211.4
2024-08-16,Prints,North,General Public,72,360.45,0.23,19983.35
2024-04-15,Commissions,North,General Public,19,259.32,0.15,4188.02
2024-02-21,Merchandise,North,Art Collectors,7,320.65,0.02,2199.66
2024-07-05,Commissions,East,General Public,67,193.53,0.26,9595.22
2024-08-23,Merchandise,East,General Public,2,47.66,0.19,77.21
2024-01-14,Commissions,West,General Public,86,289.22,0.27,18157.23
2024-09-30,Prints,North,General Public,85,161.63,0.14,11815.15
2024-12-11,Merchandise,South,Art Collectors,9,173.88,0.04,1502.32
2024-10-14,Commissions,East,Art Collectors,46,144.95,0.16,5600.87
2024-02-05,Prints,South,Art Collectors,97,305.54,0.01,29341.01
2024-09-27,Commissions,North,Art Collectors,45,196.21,0.02,8652.86
2024-01-15,Merchandise,South,General Public,80,98.35,0.13,6845.16
2024-07-01,Prints,East,Art Collectors,99,388.3,0.13,33444.28
2024-10-15,Commissions,North,Art Collectors,27,126.54,0.21,2699.1
2024-09-02,Commissions,East,General Public,60,469.75,0.29,20011.35
2024-04-15,Merchandise,North,Art Collectors,90,121.12,0.22,8502.62
2024-04-15,Prints,South,General Public,64,151.21,0.05,9193.57
2024-05-18,Merchandise,East,General Public,13,409.09,0.13,4626.81
2024-12-24,Merchandise,West,General Public,58,310.12,0.08,16548.0
2024-12-31,Commissions,West,Art Collectors,57,165.6,0.13,8212.1
2024-07-23,Commissions,East,General Public,93,451.56,0.1,37795.57
2024-12-01,Prints,East,Art Collectors,30,238.26,0.15,6075.63
2024-08-23,Commissions,South,General Public,2,386.84,0.13,673.1
2024-10-13,Commissions,West,Art Collectors,17,268.38,0.22,3558.72
2024-08-26,Commissions,East,General Public,3,287.3,0.19,698.14
2024-07-31,Prints,West,General Public,96,111.56,0.22,8353.61
2024-03-29,Merchandise,East,Art Collectors,99,37.62,0.28,2681.55
2024-04-08,Prints,South,Art Collectors,74,80.26,0.05,5642.28
2024-10-19,Merchandise,East,Art Collectors,68,126.17,0.24,6520.47
2024-09-09,Merchandise,North,Art Collectors,95,306.12,0.01,28790.59
2024-01-30,Prints,East,Art Collectors,11,296.1,0.25,2442.83
2024-08-10,Commissions,East,Art Collectors,44,92.71,0.04,3916.07
2024-06-30,Commissions,North,General Public,1,155.49,0.17,129.06
2024-02-04,Commissions,West,Art Collectors,34,204.42,0.18,5699.23
2024-07-04,Merchandise,South,Art Collectors,50,182.14,0.07,8469.51
2024-07-05,Merchandise,North,General Public,54,249.72,0.16,11327.3
2024-12-10,Merchandise,South,Art Collectors,91,297.08,0.03,26223.25
2024-06-22,Commissions,West,General Public,29,39.26,0.28,819.75
2024-04-23,Commissions,East,General Public,98,408.09,0.08,36793.39
2024-06-30,Prints,North,General Public,47,71.81,0.28,2430.05
2024-06-21,Commissions,East,General Public,10,263.82,0.12,2321.62
2024-06-10,Prints,East,General Public,82,252.06,0.07,19222.1
2024-05-13,Commissions,South,Art Collectors,96,51.0,0.21,3867.84
2024-11-18,Commissions,East,Art Collectors,93,363.67,0.02,33144.88
2024-04-09,Commissions,North,General Public,78,61.99,0.27,3529.71
2024-03-01,Merchandise,North,Art Collectors,85,288.6,0.09,22323.21
2024-02-16,Commissions,West,General Public,42,293.23,0.12,10837.78
2024-03-15,Prints,North,General Public,26,219.91,0.04,5488.95
2024-07-31,Prints,East,Art Collectors,2,462.05,0.05,877.9
2024-02-08,Prints,South,Art Collectors,35,153.59,0.09,4891.84
2024-07-21,Prints,East,General Public,32,389.8,0.29,8856.26
2024-05-09,Merchandise,East,General Public,73,45.83,0.12,2944.12
2024-05-03,Commissions,North,General Public,42,295.73,0.21,9812.32
2024-02-19,Prints,East,Art Collectors,58,442.24,0.18,21032.93
2024-02-03,Merchandise,East,Art Collectors,25,145.53,0.08,3347.19
2024-03-16,Commissions,South,Art Collectors,77,166.91,0.09,11695.38
2024-07-19,Commissions,North,General Public,25,237.41,0.11,5282.37
2024-05-30,Merchandise,South,General Public,90,430.46,0.06,36416.92
2024-02-19,Prints,East,Art Collectors,18,169.21,0.03,2954.41
2024-08-07,Merchandise,North,General Public,92,461.08,0.24,32238.71
2024-10-11,Prints,West,Art Collectors,1,219.67,0.13,191.11
2024-01-18,Merchandise,West,Art Collectors,73,246.16,0.21,14196.05
2024-01-04,Commissions,North,General Public,40,229.02,0.23,7053.82
2024-12-06,Commissions,West,General Public,30,66.65,0.26,1479.63
2024-09-11,Merchandise,East,General Public,56,174.27,0.14,8392.84
2024-08-15,Prints,East,General Public,32,401.85,0.11,11444.69
2024-05-08,Prints,South,Art Collectors,42,488.7,0.22,16009.81
2024-04-03,Merchandise,East,Art Collectors,72,217.72,0.05,14892.05
2024-01-03,Merchandise,North,Art Collectors,30,288.94,0.3,6067.74
2024-05-07,Merchandise,West,General Public,74,423.59,0.02,30718.75
2024-04-02,Merchandise,North,Art Collectors,3,252.22,0.2,605.33
2024-01-13,Commissions,South,Art Collectors,39,474.13,0.13,16087.23
2024-08-21,Commissions,East,Art Collectors,63,421.99,0.28,19141.47
2024-04-22,Merchandise,West,General Public,47,132.46,0.13,5416.29
2024-07-29,Commissions,South,Art Collectors,8,283.58,0.12,1996.4
2024-09-25,Commissions,West,Art Collectors,100,92.18,0.24,7005.68
2024-01-26,Merchandise,East,General Public,98,164.19,0.1,14481.56
2024-04-03,Prints,North,General Public,96,143.5,0.23,10607.52
2024-07-07,Merchandise,North,General Public,9,471.28,0.2,3393.22
2024-03-13,Merchandise,South,General Public,12,296.23,0.29,2523.88
2024-08-01,Commissions,West,Art Collectors,20,234.93,0.16,3946.82
2024-04-11,Merchandise,West,Art Collectors,94,420.65,0.23,30446.65
2024-03-19,Prints,South,Art Collectors,76,372.34,0.2,22638.27
2024-11-20,Commissions,North,General Public,74,117.8,0.02,8542.86
2024-10-17,Prints,South,Art Collectors,68,7.92,0.02,527.79
2024-05-30,Commissions,North,Art Collectors,63,136.13,0.3,6003.33
2024-08-16,Merchandise,East,General Public,79,193.4,0.2,12222.88
2024-06-10,Prints,West,Art Collectors,88,244.91,0.11,19181.35
2024-05-08,Commissions,North,General Public,23,227.73,0.06,4923.52
2024-01-03,Commissions,East,General Public,98,186.12,0.21,14409.41
2024-04-15,Commissions,West,General Public,37,100.28,0.29,2634.36
2024-07-19,Commissions,East,Art Collectors,98,95.27,0.08,8589.54
2024-06-12,Merchandise,North,General Public,51,46.16,0.23,1812.7
2024-08-28,Commissions,South,General Public,33,493.47,0.24,12376.23
2024-12-30,Merchandise,South,General Public,23,9.51,0.07,203.42
2024-09-27,Merchandise,East,Art Collectors,43,325.78,0.07,13027.94
2024-02-19,Prints,West,General Public,83,485.79,0.13,35078.9
2024-04-29,Prints,North,General Public,85,86.99,0.04,7098.38
2024-07-05,Merchandise,North,General Public,70,319.03,0.18,18312.32
2024-06-02,Commissions,South,General Public,92,42.32,0.1,3504.1
2024-05-08,Prints,West,Art Collectors,59,458.1,0.28,19460.09
2024-04-17,Prints,East,Art Collectors,13,59.18,0.07,715.49
2024-02-18,Merchandise,East,Art Collectors,35,491.06,0.26,12718.45
2024-02-09,Prints,East,General Public,91,489.65,0.14,38320.01
2024-12-18,Prints,East,Art Collectors,58,78.47,0.05,4323.7
2024-08-27,Commissions,South,Art Collectors,1,222.55,0.29,158.01
2024-05-13,Prints,West,Art Collectors,95,183.3,0.18,14279.07
2024-06-09,Prints,South,General Public,74,442.06,0.19,26497.08
2024-06-07,Commissions,West,Art Collectors,99,61.46,0.03,5902.0
2024-04-13,Prints,West,General Public,70,453.67,0.23,24452.81
2024-09-20,Merchandise,North,Art Collectors,62,275.87,0.28,12314.84
2024-04-06,Commissions,East,Art Collectors,30,344.31,0.21,8160.15
2024-03-06,Commissions,West,Art Collectors,13,390.59,0.12,4468.35
2024-11-12,Prints,North,Art Collectors,94,473.43,0.16,37382.03
2024-12-01,Prints,North,General Public,44,315.35,0.25,10406.55
2024-08-07,Prints,West,Art Collectors,36,77.92,0.12,2468.51
2024-05-03,Prints,West,General Public,44,234.89,0.17,8578.18
2024-10-08,Commissions,North,General Public,35,218.95,0.23,5900.7
2024-07-02,Prints,North,General Public,21,9.42,0.02,193.86
2024-09-17,Merchandise,North,General Public,37,325.21,0.28,8663.59
2024-07-08,Merchandise,South,General Public,11,38.69,0.11,378.78
2024-07-11,Commissions,West,General Public,84,344.28,0.02,28341.13
2024-08-30,Prints,East,General Public,62,95.25,0.03,5728.34
2024-10-20,Prints,South,General Public,41,183.2,0.22,5858.74
2024-06-15,Merchandise,North,General Public,27,304.37,0.25,6163.49
2024-12-16,Prints,South,General Public,94,49.67,0.05,4435.53
2024-10-14,Commissions,West,Art Collectors,28,235.46,0.27,4812.8
2024-02-26,Prints,South,Art Collectors,76,496.22,0.26,27907.41
2024-09-01,Prints,East,General Public,18,462.15,0.02,8152.33
2024-12-15,Merchandise,North,Art Collectors,75,248.52,0.13,16215.93
2024-04-29,Prints,West,Art Collectors,87,60.25,0.3,3669.22
2024-01-23,Prints,East,General Public,16,404.38,0.26,4787.86
2024-08-21,Commissions,East,General Public,22,151.91,0.08,3074.66
2024-02-16,Merchandise,East,General Public,89,379.87,0.14,29075.25
2024-08-23,Commissions,East,Art Collectors,21,216.64,0.15,3867.02
2024-08-08,Commissions,East,General Public,81,14.79,0.03,1162.05
2024-07-03,Merchandise,East,Art Collectors,5,249.93,0.3,874.76
2024-02-01,Prints,East,General Public,20,67.47,0.04,1295.42
2024-07-15,Commissions,South,General Public,42,94.27,0.28,2850.72
2024-04-23,Merchandise,East,General Public,52,33.06,0.02,1684.74
2024-06-27,Commissions,South,Art Collectors,38,220.95,0.0,8396.1
2024-09-09,Prints,East,General Public,73,470.47,0.04,32970.54
2024-07-29,Merchandise,West,General Public,24,263.74,0.04,6076.57
2024-11-08,Commissions,North,General Public,4,62.49,0.19,202.47
2024-11-24,Prints,West,General Public,21,208.12,0.21,3452.71
2024-11-26,Commissions,West,General Public,89,152.17,0.19,10969.94
2024-11-28,Merchandise,East,General Public,67,332.91,0.14,19182.27
2024-01-10,Merchandise,South,General Public,21,146.8,0.16,2589.55
2024-07-02,Commissions,West,Art Collectors,31,319.42,0.21,7822.6
2024-01-06,Merchandise,South,Art Collectors,65,339.79,0.1,19877.72
2024-03-22,Commissions,North,Art Collectors,57,78.44,0.07,4158.1
2024-11-14,Commissions,East,Art Collectors,88,183.98,0.22,12628.39
2024-12-10,Prints,South,General Public,50,406.15,0.29,14418.32
2024-06-15,Commissions,North,General Public,76,317.66,0.23,18589.46
2024-08-28,Commissions,East,Art Collectors,66,188.77,0.28,8970.35
2024-06-25,Commissions,West,General Public,47,61.68,0.02,2840.98
2024-12-23,Merchandise,West,Art Collectors,93,176.12,0.13,14249.87
2024-05-08,Commissions,North,Art Collectors,12,138.19,0.08,1525.62
2024-05-25,Commissions,North,Art Collectors,23,362.09,0.27,6079.49
2024-11-01,Prints,East,Art Collectors,73,119.13,0.07,8087.74
2024-05-05,Merchandise,North,General Public,39,487.67,0.25,14264.35
2024-11-28,Merchandise,North,Art Collectors,63,246.27,0.11,13808.36
2024-02-29,Merchandise,South,Art Collectors,1,16.69,0.25,12.52
2024-07-28,Prints,North,Art Collectors,20,348.09,0.18,5708.68
2024-04-09,Merchandise,North,Art Collectors,41,51.99,0.13,1854.48
2024-03-21,Commissions,North,General Public,100,273.33,0.12,24053.04
2024-04-26,Merchandise,North,General Public,59,19.87,0.29,832.35
2024-11-12,Prints,East,Art Collectors,62,154.31,0.05,9088.86
2024-12-10,Prints,East,Art Collectors,34,372.24,0.05,12023.35
2024-09-15,Merchandise,North,General Public,1,272.45,0.28,196.16
2024-12-01,Merchandise,West,Art Collectors,67,294.29,0.14,16956.99
2024-05-26,Merchandise,North,Art Collectors,38,471.54,0.01,17739.33
2024-03-19,Commissions,North,Art Collectors,47,438.57,0.04,19788.28
2024-11-14,Commissions,East,Art Collectors,38,243.04,0.08,8496.68
2024-04-17,Commissions,North,Art Collectors,58,115.17,0.02,6546.26
2024-05-22,Merchandise,North,General Public,96,116.91,0.11,9988.79
2024-11-14,Commissions,East,General Public,62,442.67,0.06,25798.81
2024-03-13,Merchandise,South,General Public,81,240.63,0.27,14228.45
2024-10-26,Prints,East,Art Collectors,59,65.74,0.17,3219.29
2024-10-24,Prints,South,General Public,82,89.57,0.08,6757.16
2024-07-13,Prints,West,General Public,62,396.33,0.29,17446.45
2024-06-11,Commissions,North,Art Collectors,35,217.36,0.05,7227.22
2024-04-10,Commissions,South,Art Collectors,38,441.24,0.11,14922.74
2024-10-10,Prints,West,Art Collectors,11,439.35,0.2,3866.28
2024-07-21,Commissions,North,General Public,69,330.3,0.08,20967.44
2024-01-09,Merchandise,North,Art Collectors,44,125.41,0.29,3917.81
2024-05-01,Commissions,South,Art Collectors,35,176.65,0.05,5873.61
2024-04-09,Commissions,North,General Public,90,122.07,0.17,9118.63
2024-10-21,Prints,North,Art Collectors,66,104.87,0.24,5260.28
2024-08-03,Prints,South,General Public,22,237.31,0.07,4855.36
2024-05-05,Merchandise,East,General Public,65,438.73,0.15,24239.83
2024-07-06,Commissions,North,General Public,16,366.09,0.01,5798.87
2024-12-24,Merchandise,North,General Public,68,95.67,0.15,5529.73
2024-06-10,Prints,South,General Public,73,123.87,0.04,8680.81
2024-05-13,Commissions,East,Art Collectors,53,58.38,0.03,3001.32
2024-03-30,Commissions,North,Art Collectors,61,350.79,0.05,20328.28
2024-12-03,Prints,East,General Public,26,159.09,0.07,3846.8
2024-01-26,Commissions,West,General Public,27,373.47,0.09,9176.16
2024-07-28,Prints,South,General Public,96,69.31,0.15,5655.7
2024-06-13,Commissions,West,General Public,56,236.14,0.02,12959.36
2024-05-03,Prints,West,General Public,67,424.51,0.1,25597.95
2024-02-19,Prints,West,Art Collectors,14,149.59,0.13,1822.01
2024-10-19,Commissions,West,General Public,40,344.86,0.15,11725.24
2024-06-17,Merchandise,West,Art Collectors,99,150.9,0.05,14192.14
2024-05-10,Commissions,West,Art Collectors,21,434.79,0.05,8674.06
2024-06-30,Merchandise,East,Art Collectors,69,420.84,0.14,24972.65
2024-03-25,Prints,North,Art Collectors,83,240.97,0.1,18000.46
2024-03-14,Prints,West,General Public,84,340.67,0.06,26899.3
2024-06-28,Commissions,North,Art Collectors,36,199.15,0.09,6524.15
2024-04-22,Merchandise,West,Art Collectors,41,219.14,0.3,6289.32
2024-01-23,Merchandise,East,General Public,6,407.88,0.16,2055.72
2024-01-04,Commissions,North,General Public,50,9.49,0.29,336.9
2024-01-14,Merchandise,East,Art Collectors,53,134.04,0.15,6038.5
2024-06-19,Prints,East,General Public,100,447.38,0.1,40264.2
2024-07-15,Prints,West,Art Collectors,59,290.42,0.21,13536.48
2024-10-26,Merchandise,North,General Public,97,191.83,0.29,13211.33
2024-09-06,Merchandise,West,Art Collectors,50,87.46,0.21,3454.67
2024-09-09,Prints,East,General Public,82,447.61,0.04,35235.86
2024-10-12,Commissions,South,Art Collectors,87,303.81,0.03,25638.53
2024-03-23,Prints,North,General Public,99,176.5,0.18,14328.27
2024-08-30,Commissions,South,Art Collectors,89,26.61,0.01,2344.61
2024-08-15,Prints,West,General Public,81,49.87,0.16,3393.15
2024-04-12,Prints,South,General Public,85,452.37,0.29,27300.53
2024-12-14,Merchandise,East,General Public,54,470.0,0.04,24364.8
2024-08-08,Merchandise,West,General Public,10,483.9,0.13,4209.93
2024-01-11,Prints,South,Art Collectors,97,261.43,0.08,23330.01
2024-05-24,Commissions,North,General Public,96,436.31,0.02,41048.04
2024-09-19,Merchandise,West,General Public,35,233.4,0.05,7760.55
2024-06-03,Commissions,North,Art Collectors,89,414.36,0.02,36140.48
2024-07-25,Prints,East,General Public,81,199.58,0.14,13902.74
2024-07-08,Prints,North,General Public,8,253.45,0.03,1966.77
2024-01-31,Commissions,South,Art Collectors,37,62.74,0.17,1926.75
2024-10-20,Merchandise,East,General Public,15,59.74,0.25,672.08
2024-02-05,Prints,West,Art Collectors,51,461.05,0.05,22337.87
2024-05-31,Commissions,East,General Public,28,15.28,0.1,385.06
2024-11-14,Prints,East,General Public,10,77.58,0.25,581.85
2024-12-05,Merchandise,North,General Public,77,381.06,0.22,22886.46
2024-08-27,Commissions,East,General Public,88,22.13,0.03,1889.02
2024-08-28,Commissions,South,General Public,40,15.89,0.07,591.11
2024-09-13,Commissions,West,General Public,11,15.48,0.29,120.9
2024-07-22,Prints,South,General Public,24,331.3,0.08,7315.1
2024-02-24,Prints,East,Art Collectors,39,364.04,0.21,11216.07
2024-06-23,Commissions,North,Art Collectors,7,365.56,0.16,2149.49
2024-06-04,Commissions,East,General Public,88,397.35,0.12,30770.78
2024-05-23,Commissions,South,Art Collectors,15,303.29,0.23,3503.0
2024-12-11,Prints,South,General Public,39,404.71,0.13,13731.81
2024-11-11,Merchandise,East,Art Collectors,82,470.5,0.15,32793.85
2024-12-18,Merchandise,North,Art Collectors,34,380.07,0.09,11759.37
2024-08-05,Prints,East,Art Collectors,36,279.18,0.05,9547.96
2024-06-02,Prints,North,General Public,84,124.46,0.3,7318.25
2024-02-27,Commissions,East,General Public,73,482.69,0.2,28189.1
2024-04-18,Commissions,South,General Public,26,446.94,0.21,9180.15
2024-02-02,Prints,East,Art Collectors,59,232.02,0.04,13141.61
2024-10-05,Prints,South,Art Collectors,39,18.31,0.23,549.85
2024-07-05,Commissions,West,Art Collectors,97,424.87,0.04,39563.89
2024-02-06,Merchandise,West,Art Collectors,62,31.31,0.22,1514.15
2024-07-21,Prints,East,General Public,44,157.25,0.1,6227.1
2024-08-11,Prints,South,General Public,97,270.24,0.02,25689.01
2024-01-30,Prints,North,Art Collectors,59,492.83,0.03,28204.66
2024-01-10,Commissions,South,General Public,45,7.02,0.25,236.92
2024-06-19,Commissions,North,Art Collectors,43,138.37,0.12,5235.92
2024-05-18,Merchandise,East,General Public,66,28.87,0.12,1676.77
2024-11-02,Commissions,South,Art Collectors,15,41.54,0.18,510.94
2024-08-08,Merchandise,North,Art Collectors,99,113.84,0.26,8339.92
2024-10-13,Commissions,East,Art Collectors,9,481.33,0.14,3725.49
2024-06-22,Prints,North,General Public,82,328.2,0.24,20453.42
2024-02-16,Merchandise,South,Art Collectors,73,220.78,0.05,15311.09
2024-06-11,Commissions,West,General Public,35,49.9,0.14,1501.99
2024-04-10,Merchandise,East,Art Collectors,46,258.5,0.25,8918.25
2024-04-27,Commissions,South,Art Collectors,61,343.08,0.0,20927.88
2024-10-30,Merchandise,East,Art Collectors,93,367.18,0.18,28001.15
2024-11-24,Prints,East,General Public,51,353.03,0.1,16204.08
2024-01-16,Prints,North,Art Collectors,45,195.81,0.2,7049.16
2024-07-29,Prints,East,Art Collectors,70,124.0,0.1,7812.0
2024-11-18,Merchandise,North,Art Collectors,34,157.66,0.14,4609.98
2024-06-25,Merchandise,East,General Public,24,297.99,0.16,6007.48
2024-12-15,Prints,West,General Public,63,498.7,0.1,28276.29
2024-06-26,Merchandise,East,Art Collectors,44,221.84,0.26,7223.11
2024-05-21,Commissions,East,Art Collectors,11,126.64,0.26,1030.85
2024-07-01,Prints,South,Art Collectors,36,175.13,0.1,5674.21
2024-01-17,Prints,North,Art Collectors,71,302.34,0.29,15240.96
2024-11-14,Commissions,East,General Public,30,361.6,0.1,9763.2
2024-10-14,Prints,North,General Public,50,122.31,0.14,5259.33
2024-10-09,Prints,West,General Public,67,489.69,0.04,31496.86
2024-01-12,Merchandise,East,Art Collectors,48,184.66,0.27,6470.49
2024-01-16,Commissions,North,Art Collectors,40,486.18,0.08,17891.42
2024-04-02,Commissions,West,General Public,72,112.59,0.12,7133.7
2024-07-26,Commissions,East,General Public,52,494.38,0.2,20566.21
2024-10-23,Merchandise,East,Art Collectors,48,229.36,0.22,8587.24
2024-06-30,Commissions,West,General Public,72,449.23,0.03,31374.22
2024-03-22,Merchandise,South,General Public,46,260.69,0.15,10192.98
2024-03-18,Prints,South,General Public,49,248.5,0.24,9254.14
2024-10-10,Prints,South,General Public,21,354.6,0.1,6701.94
2024-08-24,Merchandise,South,Art Collectors,17,311.91,0.12,4666.17
2024-08-14,Prints,East,Art Collectors,15,365.13,0.15,4655.41
2024-10-29,Commissions,South,Art Collectors,34,421.22,0.03,13891.84
2024-02-24,Commissions,South,General Public,27,223.43,0.26,4464.13
2024-04-11,Commissions,North,Art Collectors,63,291.62,0.29,13044.16
2024-05-21,Prints,South,Art Collectors,10,179.17,0.3,1254.19
2024-04-12,Merchandise,West,General Public,87,145.1,0.09,11487.57
2024-09-02,Prints,East,Art Collectors,12,78.34,0.19,761.46
2024-08-11,Prints,North,Art Collectors,20,187.02,0.17,3104.53
2024-02-21,Merchandise,West,General Public,49,357.73,0.18,14373.59
2024-07-14,Commissions,West,Art Collectors,15,374.43,0.11,4998.64
2024-07-09,Merchandise,North,General Public,39,380.98,0.19,12035.16
2024-09-16,Merchandise,North,Art Collectors,2,8.88,0.22,13.85
2024-06-19,Commissions,East,General Public,82,122.58,0.15,8543.83
2024-07-14,Commissions,West,Art Collectors,52,55.51,0.01,2857.65
2024-04-26,Prints,East,Art Collectors,50,24.84,0.19,1006.02
2024-09-16,Merchandise,North,General Public,62,70.35,0.0,4361.7
2024-02-09,Commissions,East,General Public,49,165.48,0.01,8027.43
2024-11-12,Merchandise,East,General Public,1,488.43,0.08,449.36
2024-08-20,Merchandise,West,General Public,22,450.85,0.15,8430.9
2024-11-14,Prints,North,General Public,25,323.07,0.13,7026.77
2024-04-12,Prints,South,General Public,39,223.01,0.24,6610.02
2024-10-18,Merchandise,West,Art Collectors,20,90.08,0.11,1603.42
2024-07-01,Merchandise,North,Art Collectors,57,14.59,0.08,765.1
2024-11-07,Commissions,West,General Public,9,264.59,0.05,2262.24
2024-12-24,Commissions,South,General Public,3,304.1,0.29,647.73
2024-05-28,Prints,South,General Public,3,400.34,0.24,912.78
2024-03-22,Prints,North,Art Collectors,25,151.55,0.22,2955.23
2024-04-07,Commissions,West,General Public,77,71.27,0.04,5268.28
2024-07-29,Merchandise,North,Art Collectors,86,276.61,0.28,17127.69
2024-12-08,Commissions,East,General Public,22,269.28,0.25,4443.12
2024-03-09,Prints,East,Art Collectors,73,358.81,0.2,20954.5
2024-01-31,Commissions,North,Art Collectors,19,208.23,0.04,3798.12
2024-11-23,Merchandise,South,General Public,72,116.15,0.28,6021.22
2024-07-02,Merchandise,North,General Public,100,37.89,0.06,3561.66
2024-12-18,Merchandise,East,General Public,30,160.85,0.06,4535.97
2024-06-08,Prints,South,Art Collectors,90,70.91,0.04,6126.62
2024-12-26,Merchandise,East,Art Collectors,12,385.85,0.21,3657.86
2024-09-09,Commissions,North,General Public,27,451.78,0.05,11588.16
2024-03-29,Merchandise,East,Art Collectors,17,302.22,0.04,4932.23
2024-06-11,Commissions,North,General Public,33,389.14,0.06,12071.12
2024-10-09,Prints,East,Art Collectors,5,312.72,0.11,1391.6
2024-06-18,Merchandise,South,General Public,29,373.89,0.1,9758.53
2024-05-11,Commissions,North,General Public,5,290.52,0.15,1234.71
2024-01-08,Commissions,East,Art Collectors,28,450.71,0.07,11736.49
2024-07-24,Merchandise,South,Art Collectors,42,298.44,0.03,12158.45
2024-08-16,Commissions,West,General Public,1,462.42,0.16,388.43
2024-04-22,Merchandise,East,Art Collectors,65,465.16,0.19,24490.67
2024-07-05,Merchandise,North,General Public,58,235.18,0.27,9957.52
2024-11-06,Merchandise,North,Art Collectors,52,135.75,0.23,5435.43
2024-08-30,Commissions,West,General Public,97,275.78,0.13,23273.07
2024-12-31,Commissions,South,Art Collectors,59,173.12,0.2,8171.26
2024-08-14,Merchandise,North,General Public,40,289.46,0.09,10536.34
2024-09-13,Merchandise,South,General Public,13,209.78,0.24,2072.63
2024-10-09,Prints,West,Art Collectors,37,432.22,0.21,12633.79
2024-11-08,Prints,North,Art Collectors,13,488.51,0.03,6160.11
2024-02-05,Prints,North,General Public,5,212.53,0.27,775.73
2024-02-13,Commissions,West,General Public,31,453.04,0.18,11516.28
2024-05-19,Merchandise,North,General Public,8,332.48,0.07,2473.65
2024-04-05,Merchandise,South,Art Collectors,62,88.26,0.01,5417.4
2024-10-29,Prints,West,Art Collectors,78,122.01,0.02,9326.44
2024-02-27,Merchandise,West,Art Collectors,71,19.58,0.07,1292.87
2024-01-03,Merchandise,North,Art Collectors,95,33.92,0.25,2416.8
2024-10-30,Commissions,East,General Public,74,176.37,0.26,9658.02
2024-06-02,Merchandise,North,General Public,7,141.87,0.17,824.26
2024-12-26,Merchandise,West,Art Collectors,63,222.57,0.29,9955.56
2024-01-01,Commissions,South,Art Collectors,53,449.33,0.26,17622.72
2024-09-27,Commissions,South,Art Collectors,39,161.14,0.26,4650.5
2024-01-19,Commissions,North,Art Collectors,39,71.05,0.12,2438.44
2024-05-01,Prints,West,General Public,12,30.42,0.1,328.54
2024-07-24,Commissions,South,Art Collectors,24,372.67,0.01,8854.64
2024-03-20,Merchandise,South,Art Collectors,33,46.27,0.01,1511.64
2024-02-02,Prints,West,Art Collectors,42,222.64,0.19,7574.21
2024-11-27,Commissions,East,General Public,35,162.63,0.04,5464.37
2024-04-10,Prints,South,General Public,41,326.37,0.12,11775.43
2024-08-10,Commissions,West,Art Collectors,84,486.9,0.17,33946.67
2024-04-14,Commissions,North,General Public,97,226.32,0.08,20196.8
2024-09-27,Prints,West,Art Collectors,72,266.73,0.12,16900.01
2024-01-22,Commissions,North,General Public,83,404.99,0.07,31261.18
2024-07-29,Prints,South,Art Collectors,13,5.73,0.16,62.57
2024-08-20,Prints,West,General Public,80,112.93,0.1,8130.96
2024-02-29,Merchandise,East,General Public,39,350.51,0.25,10252.42
2024-02-24,Prints,South,General Public,59,54.95,0.05,3079.95
2024-02-05,Commissions,West,General Public,32,183.6,0.0,5875.2
2024-07-18,Prints,North,Art Collectors,35,39.8,0.17,1156.19
2024-04-12,Prints,East,General Public,81,111.36,0.18,7396.53
2024-06-09,Prints,East,General Public,25,412.75,0.24,7842.25
2024-06-04,Commissions,North,Art Collectors,73,432.13,0.16,26498.21
2024-02-17,Merchandise,East,Art Collectors,16,253.09,0.02,3968.45
2024-06-30,Prints,North,General Public,67,122.6,0.17,6817.79
2024-02-04,Prints,North,Art Collectors,14,57.68,0.08,742.92
2024-02-14,Commissions,North,General Public,49,274.21,0.29,9539.77
2024-11-24,Prints,North,General Public,16,421.38,0.16,5663.35
2024-07-18,Commissions,East,Art Collectors,42,287.89,0.1,10882.24
2024-09-16,Commissions,West,Art Collectors,2,359.43,0.01,711.67
2024-01-01,Prints,South,Art Collectors,12,33.35,0.03,388.19
2024-10-20,Commissions,North,General Public,41,252.03,0.17,8576.58
2024-02-18,Prints,North,Art Collectors,38,269.36,0.21,8086.19
2024-07-20,Merchandise,South,Art Collectors,55,176.85,0.02,9532.22
2024-02-17,Commissions,West,General Public,51,172.69,0.24,6693.46
2024-11-10,Commissions,South,General Public,100,397.23,0.25,29792.25
2024-12-13,Merchandise,North,General Public,87,232.42,0.2,16176.43
2024-12-13,Prints,East,Art Collectors,73,177.06,0.06,12149.86
2024-08-12,Commissions,South,General Public,72,45.1,0.28,2337.98
2024-01-16,Commissions,South,Art Collectors,5,283.83,0.16,1192.09
2024-04-11,Merchandise,West,Art Collectors,15,311.08,0.02,4572.88
2024-07-25,Merchandise,South,Art Collectors,68,231.52,0.16,13224.42
2024-09-01,Merchandise,East,Art Collectors,78,40.42,0.1,2837.48
2024-07-07,Merchandise,South,Art Collectors,95,206.72,0.23,15121.57
2024-04-08,Merchandise,West,General Public,84,483.25,0.01,40187.07
2024-07-02,Commissions,North,Art Collectors,53,88.65,0.04,4510.51
2024-09-25,Commissions,South,Art Collectors,8,334.08,0.15,2271.74
2024-11-24,Merchandise,East,Art Collectors,78,109.54,0.07,7946.03
2024-11-13,Commissions,East,Art Collectors,7,174.87,0.17,1015.99
2024-02-04,Prints,East,Art Collectors,18,404.89,0.27,5320.25
2024-12-01,Merchandise,South,General Public,78,362.75,0.14,24333.27
2024-02-28,Commissions,North,General Public,31,482.11,0.17,12404.69
2024-08-27,Commissions,North,Art Collectors,61,308.18,0.2,15039.18
2024-08-08,Prints,South,Art Collectors,64,35.81,0.07,2131.41
2024-05-20,Merchandise,North,Art Collectors,32,424.12,0.14,11671.78
2024-07-07,Commissions,South,General Public,28,89.09,0.05,2369.79
2024-02-20,Merchandise,North,Art Collectors,92,224.39,0.08,18992.37
2024-10-27,Prints,North,Art Collectors,56,448.55,0.15,21350.98
2024-02-15,Prints,South,Art Collectors,30,61.51,0.21,1457.79
2024-06-09,Commissions,East,General Public,73,93.42,0.01,6751.46
2024-01-18,Prints,West,Art Collectors,18,288.42,0.12,4568.57
2024-06-18,Commissions,North,General Public,19,415.02,0.04,7569.96
2024-12-09,Commissions,West,General Public,29,405.21,0.17,9753.4
2024-09-21,Merchandise,South,General Public,64,302.75,0.05,18407.2
2024-09-15,Merchandise,West,General Public,78,301.49,0.24,17872.33
2024-11-04,Prints,North,Art Collectors,9,126.2,0.27,829.13
2024-09-27,Prints,North,General Public,67,187.07,0.01,12408.35
2024-08-18,Prints,North,General Public,3,213.65,0.22,499.94
2024-11-05,Merchandise,North,Art Collectors,48,71.97,0.14,2970.92
2024-05-06,Merchandise,East,General Public,64,233.32,0.2,11945.98
2024-04-04,Commissions,West,Art Collectors,12,330.25,0.26,2932.62
2024-10-16,Prints,East,Art Collectors,49,412.87,0.05,19219.1
2024-01-07,Merchandise,East,General Public,51,56.7,0.24,2197.69
2024-07-21,Commissions,North,Art Collectors,50,97.79,0.21,3862.71
2024-06-09,Commissions,North,Art Collectors,9,405.75,0.05,3469.16
2024-05-31,Prints,North,General Public,17,260.71,0.24,3368.37
2024-11-28,Prints,South,Art Collectors,37,177.48,0.24,4990.74
2024-12-17,Commissions,West,Art Collectors,84,480.02,0.25,30241.26
2024-03-30,Commissions,West,Art Collectors,48,204.64,0.25,7367.04
2024-07-11,Prints,West,Art Collectors,86,119.31,0.1,9234.59
2024-06-14,Prints,West,Art Collectors,51,375.56,0.27,13982.1
2024-08-16,Commissions,North,General Public,87,341.14,0.07,27601.64
2024-07-28,Prints,North,Art Collectors,96,459.69,0.12,38834.61
2024-06-06,Merchandise,West,Art Collectors,34,499.43,0.16,14263.72
2024-06-03,Merchandise,East,General Public,8,184.58,0.06,1388.04
2024-12-10,Prints,East,General Public,21,39.54,0.19,672.58
2024-07-18,Commissions,South,Art Collectors,94,399.15,0.11,33392.89
2024-03-27,Merchandise,South,Art Collectors,13,79.43,0.25,774.44
2024-06-13,Commissions,North,Art Collectors,24,150.92,0.05,3440.98
2024-02-02,Merchandise,South,General Public,83,71.96,0.17,4957.32
2024-08-01,Commissions,North,General Public,21,417.77,0.04,8422.24
2024-08-08,Commissions,East,Art Collectors,58,170.79,0.01,9806.76
2024-03-22,Prints,East,General Public,77,66.31,0.13,4442.11
2024-04-17,Prints,South,General Public,86,406.49,0.12,30763.16
2024-04-20,Commissions,North,Art Collectors,76,147.17,0.05,10625.67
2024-08-03,Merchandise,East,Art Collectors,2,243.01,0.05,461.72
2024-10-03,Prints,South,General Public,14,256.83,0.23,2768.63
2024-05-13,Merchandise,West,General Public,40,87.73,0.29,2491.53
2024-05-26,Merchandise,North,Art Collectors,49,382.4,0.08,17238.59
2024-07-06,Merchandise,West,General Public,16,66.41,0.16,892.55
2024-03-20,Prints,East,General Public,52,80.8,0.09,3823.46
2024-12-06,Merchandise,East,Art Collectors,19,438.35,0.27,6079.91
2024-12-06,Commissions,West,Art Collectors,80,468.08,0.13,32578.37
2024-04-25,Merchandise,South,General Public,16,96.76,0.15,1315.94
2024-08-06,Merchandise,East,Art Collectors,35,253.61,0.09,8077.48
2024-07-01,Merchandise,South,General Public,70,143.23,0.24,7619.84
2024-04-10,Merchandise,South,Art Collectors,21,448.53,0.11,8383.03
2024-11-20,Merchandise,South,General Public,76,253.67,0.04,18507.76
2024-08-26,Merchandise,East,General Public,65,488.44,0.16,26668.82
2024-12-29,Merchandise,East,Art Collectors,10,213.88,0.22,1668.26
2024-04-21,Prints,East,General Public,99,245.63,0.15,20669.76
2024-05-28,Prints,West,Art Collectors,22,463.51,0.01,10095.25
2024-06-02,Merchandise,North,Art Collectors,98,52.76,0.22,4032.97
2024-03-14,Commissions,North,Art Collectors,82,403.25,0.29,23477.22
2024-03-31,Merchandise,South,Art Collectors,97,209.65,0.29,14438.6
2024-07-17,Prints,North,General Public,99,402.1,0.2,31846.32
2024-11-25,Commissions,West,Art Collectors,89,24.35,0.09,1972.11
2024-01-30,Merchandise,North,General Public,100,334.27,0.17,27744.41
2024-11-12,Commissions,North,Art Collectors,87,46.11,0.19,3249.37
2024-04-24,Merchandise,East,Art Collectors,56,207.53,0.1,10459.51
2024-09-12,Prints,South,General Public,84,445.76,0.07,34822.77
2024-04-12,Merchandise,North,Art Collectors,100,65.26,0.04,6264.96
2024-12-22,Prints,East,General Public,58,222.12,0.22,10048.71
2024-05-26,Prints,South,General Public,29,90.1,0.08,2403.87
2024-10-20,Merchandise,East,General Public,19,209.25,0.05,3776.96
2024-09-01,Commissions,West,Art Collectors,35,360.04,0.13,10963.22
2024-05-23,Merchandise,South,Art Collectors,37,74.11,0.1,2467.86
2024-05-18,Merchandise,East,Art Collectors,32,27.42,0.24,666.85
2024-07-14,Prints,West,Art Collectors,11,177.69,0.11,1739.59
2024-10-09,Commissions,North,Art Collectors,93,120.54,0.06,10537.61
2024-02-18,Merchandise,South,General Public,25,334.35,0.03,8107.99
2024-10-05,Merchandise,South,Art Collectors,26,121.28,0.21,2491.09
2024-08-24,Prints,West,General Public,68,181.52,0.06,11602.76
2024-05-29,Merchandise,West,General Public,70,103.57,0.25,5437.42
2024-01-11,Merchandise,West,General Public,24,54.93,0.24,1001.92
2024-07-01,Merchandise,East,General Public,49,407.68,0.01,19776.56
2024-02-20,Commissions,North,General Public,19,165.53,0.06,2956.37
2024-02-15,Commissions,South,General Public,19,311.47,0.14,5089.42
2024-09-23,Commissions,South,General Public,24,390.58,0.16,7874.09
2024-10-10,Commissions,East,General Public,6,67.45,0.04,388.51
2024-10-10,Merchandise,West,Art Collectors,76,118.86,0.07,8401.02
2024-09-16,Prints,West,Art Collectors,96,398.33,0.14,32886.12
2024-02-23,Prints,East,Art Collectors,44,327.01,0.1,12949.6
2024-06-27,Merchandise,North,Art Collectors,4,271.49,0.2,868.77
2024-10-11,Merchandise,East,General Public,8,275.53,0.24,1675.22
2024-11-22,Merchandise,West,Art Collectors,43,168.05,0.16,6069.97
2024-03-28,Merchandise,North,General Public,68,173.22,0.19,9540.96
2024-12-11,Commissions,South,General Public,98,245.49,0.2,19246.42
2024-03-04,Commissions,South,Art Collectors,37,22.42,0.14,713.4
2024-09-18,Prints,South,Art Collectors,7,22.07,0.17,128.23
2024-09-09,Merchandise,East,General Public,88,447.79,0.21,31130.36
2024-05-19,Prints,South,Art Collectors,72,241.95,0.02,17071.99
2024-11-15,Merchandise,East,Art Collectors,14,494.9,0.04,6651.46
2024-01-19,Merchandise,West,Art Collectors,37,326.36,0.16,10143.27
2024-10-01,Prints,West,Art Collectors,26,11.72,0.04,292.53
2024-11-19,Merchandise,West,General Public,45,70.93,0.18,2617.32
2024-07-11,Prints,West,General Public,52,168.41,0.05,8319.45
2024-11-08,Commissions,West,Art Collectors,67,453.13,0.08,27930.93
2024-12-09,Commissions,West,Art Collectors,28,80.35,0.05,2137.31
2024-12-31,Merchandise,East,Art Collectors,68,433.09,0.07,27388.61
2024-02-12,Merchandise,North,General Public,95,45.02,0.05,4063.06
2024-08-31,Prints,South,Art Collectors,78,378.39,0.24,22430.96
2024-07-08,Merchandise,West,General Public,51,321.94,0.04,15762.18
2024-12-13,Commissions,West,Art Collectors,30,94.03,0.22,2200.3
2024-06-13,Commissions,North,General Public,27,463.44,0.15,10635.95
2024-02-20,Commissions,North,General Public,53,344.48,0.06,17161.99
2024-03-29,Prints,North,General Public,9,420.79,0.14,3256.91
2024-08-09,Commissions,South,General Public,21,294.57,0.08,5691.09
2024-06-19,Merchandise,West,General Public,23,372.0,0.28,6160.32
2024-03-16,Commissions,South,Art Collectors,26,446.26,0.17,9630.29
2024-08-30,Prints,North,Art Collectors,76,65.27,0.14,4266.05
2024-11-29,Prints,West,General Public,78,281.11,0.18,17979.8
2024-07-09,Commissions,South,General Public,52,21.93,0.06,1071.94
2024-10-23,Merchandise,West,General Public,66,230.85,0.29,10817.63
2024-09-29,Prints,South,General Public,94,215.19,0.07,18811.91
2024-08-08,Merchandise,West,Art Collectors,4,409.26,0.13,1424.22
2024-08-24,Prints,North,General Public,77,22.11,0.2,1361.98
2024-02-06,Merchandise,East,Art Collectors,81,93.49,0.07,7042.6
2024-06-15,Prints,East,Art Collectors,14,167.72,0.02,2301.12
2024-11-24,Prints,North,General Public,46,70.23,0.07,3004.44
2024-05-25,Prints,East,General Public,80,19.96,0.19,1293.41
2024-07-06,Merchandise,East,General Public,11,205.82,0.15,1924.42
2024-01-19,Prints,North,Art Collectors,73,461.46,0.17,27959.86
2024-03-25,Merchandise,North,General Public,89,8.59,0.13,665.12
2024-11-30,Merchandise,East,General Public,100,59.92,0.03,5812.24
2024-09-19,Prints,West,General Public,93,356.99,0.07,30876.07
2024-02-24,Merchandise,East,General Public,43,200.02,0.18,7052.71
2024-06-28,Prints,East,General Public,67,39.92,0.1,2407.18
2024-10-01,Commissions,West,General Public,38,259.6,0.26,7299.95
2024-01-05,Prints,North,Art Collectors,43,495.74,0.2,17053.46
2024-01-11,Commissions,East,Art Collectors,51,127.61,0.11,5792.22
2024-03-07,Merchandise,West,General Public,39,181.15,0.22,5510.58
2024-02-24,Commissions,North,Art Collectors,83,433.91,0.03,34934.09
2024-08-30,Merchandise,East,Art Collectors,76,258.59,0.14,16901.44
2024-08-04,Commissions,South,General Public,16,127.81,0.18,1676.87
2024-11-04,Commissions,East,Art Collectors,95,364.89,0.01,34317.9
2024-11-07,Prints,East,General Public,13,193.08,0.21,1982.93
2024-01-03,Prints,North,General Public,55,5.61,0.08,283.87
2024-05-29,Commissions,East,Art Collectors,65,51.1,0.18,2723.63
2024-03-14,Prints,South,General Public,62,134.69,0.26,6179.58
2024-12-01,Prints,East,General Public,10,280.21,0.02,2746.06
2024-03-03,Commissions,East,General Public,24,442.52,0.05,10089.46
2024-05-09,Prints,East,General Public,20,496.39,0.08,9133.58
2024-01-14,Commissions,West,General Public,66,467.99,0.24,23474.38
2024-06-22,Prints,South,General Public,6,81.84,0.01,486.13
2024-04-17,Prints,West,Art Collectors,50,6.92,0.21,273.34
2024-01-04,Commissions,West,General Public,33,279.31,0.14,7926.82
2024-07-17,Commissions,East,Art Collectors,5,250.33,0.2,1001.32
2024-02-16,Prints,South,Art Collectors,39,403.28,0.26,11638.66
2024-06-17,Commissions,North,Art Collectors,65,178.67,0.24,8826.3
2024-12-18,Commissions,North,Art Collectors,4,176.12,0.04,676.3
2024-09-30,Merchandise,West,Art Collectors,15,80.44,0.3,844.62
2024-05-27,Merchandise,South,General Public,23,376.46,0.01,8571.99
2024-02-04,Commissions,East,General Public,74,236.71,0.11,15589.72
2024-05-21,Commissions,East,General Public,47,301.11,0.22,11038.69
2024-03-17,Merchandise,East,General Public,23,338.89,0.26,5767.91
2024-01-28,Commissions,East,Art Collectors,2,317.26,0.23,488.58
2024-01-22,Prints,East,General Public,75,436.99,0.29,23269.72
2024-11-25,Commissions,East,Art Collectors,21,328.57,0.24,5243.98
2024-01-14,Prints,East,General Public,11,104.53,0.02,1126.83
2024-06-17,Prints,East,General Public,88,25.76,0.14,1949.52
2024-05-16,Prints,North,General Public,79,333.21,0.06,24744.17
2024-06-21,Commissions,West,Art Collectors,74,203.07,0.23,11570.93
2024-10-17,Merchandise,West,Art Collectors,64,66.11,0.24,3215.59
2024-12-09,Commissions,East,Art Collectors,29,486.38,0.16,11848.22
2024-06-02,Commissions,West,General Public,91,192.29,0.07,16273.5
2024-05-15,Prints,North,General Public,17,237.51,0.19,3270.51
2024-05-18,Commissions,South,Art Collectors,47,402.54,0.16,15892.28
2024-03-06,Commissions,West,General Public,13,399.55,0.11,4622.79
2024-10-05,Prints,South,General Public,57,415.62,0.07,22032.02
2024-10-27,Prints,North,General Public,67,35.91,0.0,2405.97
2024-02-13,Commissions,East,General Public,76,175.35,0.29,9461.89
2024-10-27,Prints,South,General Public,31,333.18,0.06,9708.87
2024-01-01,Prints,East,General Public,53,192.89,0.13,8894.16
2024-11-04,Merchandise,East,Art Collectors,88,162.03,0.04,13688.29
2024-01-27,Merchandise,West,General Public,91,95.69,0.13,7575.78
2024-05-12,Merchandise,East,Art Collectors,59,72.44,0.06,4017.52
2024-05-21,Merchandise,South,General Public,46,153.02,0.04,6757.36
2024-08-30,Commissions,South,General Public,14,286.17,0.23,3084.91
2024-03-06,Commissions,South,General Public,54,210.56,0.06,10688.03
2024-02-20,Prints,West,Art Collectors,51,235.32,0.13,10441.15
2024-03-24,Merchandise,East,General Public,8,172.7,0.29,980.94
2024-10-23,Prints,West,General Public,67,270.26,0.28,13037.34
2024-08-29,Commissions,South,Art Collectors,39,91.41,0.01,3529.34
2024-04-18,Prints,East,General Public,50,56.67,0.13,2465.14
2024-10-20,Prints,West,Art Collectors,79,219.08,0.07,16095.81
2024-04-15,Prints,East,General Public,39,106.13,0.01,4097.68
2024-03-11,Merchandise,East,General Public,16,261.13,0.06,3927.4
2024-04-25,Prints,West,Art Collectors,59,203.52,0.14,10326.6
2024-09-10,Commissions,East,General Public,7,291.54,0.24,1550.99
2024-06-10,Merchandise,North,General Public,44,114.63,0.1,4539.35
2024-01-18,Prints,South,Art Collectors,59,401.35,0.04,22732.46
2024-04-12,Merchandise,South,Art Collectors,4,79.1,0.26,234.14
2024-09-30,Commissions,West,General Public,21,415.44,0.12,7677.33
2024-08-12,Merchandise,North,General Public,25,57.2,0.11,1272.7
2024-10-30,Prints,North,General Public,4,185.36,0.21,585.74
2024-05-04,Commissions,South,Art Collectors,69,380.83,0.27,19182.41
2024-03-27,Merchandise,South,General Public,42,352.66,0.28,10664.44
2024-04-07,Commissions,West,General Public,32,206.54,0.22,5155.24
2024-05-24,Prints,South,General Public,36,427.46,0.13,13388.05
2024-04-04,Commissions,East,General Public,73,170.98,0.15,10609.31
2024-05-15,Prints,North,General Public,26,94.38,0.13,2134.88
2024-06-27,Commissions,South,Art Collectors,61,265.65,0.28,11667.35
2024-10-23,Merchandise,East,General Public,4,306.81,0.05,1165.88
2024-01-02,Commissions,North,General Public,79,305.87,0.25,18122.8
2024-02-08,Commissions,North,Art Collectors,53,114.91,0.25,4567.67
2024-08-10,Merchandise,South,General Public,28,165.38,0.18,3797.12
2024-09-13,Prints,North,Art Collectors,30,366.06,0.21,8675.62
2024-07-07,Commissions,East,General Public,46,238.08,0.02,10732.65
2024-11-24,Merchandise,North,General Public,25,49.19,0.08,1131.37
2024-05-28,Prints,South,General Public,18,419.58,0.22,5890.9
2024-11-27,Merchandise,South,General Public,87,271.93,0.03,22948.17
2024-05-10,Merchandise,North,Art Collectors,81,23.24,0.28,1355.36
2024-07-21,Commissions,North,General Public,77,108.25,0.03,8085.19
2024-06-06,Merchandise,East,Art Collectors,67,250.4,0.25,12582.6
2024-01-16,Merchandise,South,Art Collectors,41,445.23,0.15,15516.27
2024-12-08,Commissions,North,General Public,39,404.28,0.28,11352.18
2024-01-18,Commissions,North,General Public,79,373.66,0.27,21548.97
2024-12-05,Commissions,West,General Public,28,124.93,0.2,2798.43
2024-01-18,Commissions,West,General Public,41,170.17,0.21,5511.81
2024-04-29,Merchandise,West,Art Collectors,7,451.96,0.13,2752.44
2024-11-15,Prints,North,General Public,2,348.64,0.09,634.52
2024-02-27,Merchandise,West,General Public,74,420.5,0.03,30183.49
2024-08-28,Prints,North,General Public,22,234.81,0.29,3667.73
2024-10-07,Commissions,East,Art Collectors,46,433.98,0.28,14373.42
2024-01-14,Merchandise,East,General Public,38,306.25,0.04,11172.0
2024-12-24,Merchandise,West,Art Collectors,2,106.74,0.12,187.86
2024-04-08,Prints,West,General Public,42,181.26,0.05,7232.27
2024-03-06,Prints,East,Art Collectors,53,363.14,0.13,16744.39
2024-11-03,Commissions,North,Art Collectors,72,119.47,0.28,6193.32
2024-02-02,Merchandise,West,General Public,86,495.53,0.13,37075.55
2024-04-01,Commissions,East,Art Collectors,30,73.0,0.27,1598.7
2024-11-08,Prints,East,General Public,71,188.33,0.22,10429.72
2024-05-19,Merchandise,North,Art Collectors,100,190.52,0.21,15051.08
2024-09-21,Merchandise,South,General Public,98,193.04,0.03,18350.38
2024-09-01,Prints,West,General Public,46,85.48,0.27,2870.42
2024-10-30,Merchandise,East,General Public,91,41.59,0.13,3292.68
2024-11-29,Merchandise,North,Art Collectors,27,112.36,0.17,2517.99
2024-01-17,Prints,North,General Public,49,194.87,0.12,8402.79
2024-10-09,Commissions,North,Art Collectors,89,361.25,0.13,27971.59
2024-07-30,Merchandise,North,Art Collectors,22,191.79,0.26,3122.34
2024-02-18,Commissions,South,Art Collectors,73,98.2,0.29,5089.71
2024-09-10,Prints,North,Art Collectors,3,326.45,0.28,705.13
2024-11-21,Prints,North,General Public,58,209.41,0.17,10081.0
2024-12-13,Prints,South,Art Collectors,44,448.97,0.3,13828.28
2024-08-26,Commissions,North,General Public,89,343.12,0.28,21987.13
2024-08-21,Commissions,East,General Public,95,101.4,0.2,7706.4
2024-03-18,Prints,South,General Public,57,486.79,0.14,23862.45
2024-05-08,Prints,West,General Public,44,434.77,0.12,16834.29
2024-06-06,Commissions,North,General Public,97,61.64,0.21,4723.47
2024-03-08,Merchandise,West,General Public,5,129.57,0.11,576.59
2024-07-07,Commissions,South,Art Collectors,83,418.4,0.16,29170.85
2024-02-29,Commissions,South,General Public,66,439.14,0.07,26954.41
2024-02-13,Merchandise,East,General Public,42,315.01,0.07,12304.29
2024-01-10,Merchandise,North,General Public,78,237.3,0.2,14807.52
2024-10-16,Merchandise,North,Art Collectors,13,89.74,0.14,1003.29
2024-12-31,Commissions,North,Art Collectors,45,216.45,0.25,7305.19
2024-02-13,Commissions,East,Art Collectors,23,33.11,0.23,586.38
2024-01-03,Merchandise,North,General Public,12,248.05,0.19,2411.05
2024-05-27,Commissions,East,General Public,56,113.72,0.12,5604.12
2024-10-24,Commissions,South,General Public,32,257.32,0.3,5763.97
2024-01-06,Commissions,East,General Public,34,301.8,0.18,8414.18
2024-05-03,Merchandise,East,General Public,48,132.98,0.09,5808.57
2024-11-08,Prints,West,Art Collectors,31,434.79,0.17,11187.15
2024-07-29,Merchandise,West,General Public,24,390.39,0.03,9088.28
2024-07-11,Commissions,East,General Public,56,189.99,0.15,9043.52
2024-08-23,Merchandise,West,Art Collectors,48,237.4,0.07,10597.54
2024-02-13,Prints,South,Art Collectors,76,330.06,0.23,19315.11
2024-08-05,Merchandise,South,Art Collectors,71,305.95,0.22,16943.51
2024-01-20,Merchandise,West,General Public,58,271.31,0.0,15735.98
2024-01-12,Prints,East,Art Collectors,79,158.87,0.03,12174.21
2024-10-13,Prints,South,Art Collectors,42,447.32,0.03,18223.82
2024-10-19,Commissions,West,Art Collectors,72,380.46,0.24,20818.77
2024-06-05,Merchandise,West,Art Collectors,90,258.32,0.14,19993.97
2024-06-13,Commissions,East,General Public,74,61.87,0.1,4120.54
2024-11-23,Commissions,West,General Public,65,481.41,0.2,25033.32
2024-06-28,Commissions,West,General Public,64,184.33,0.06,11089.29
2024-09-20,Merchandise,East,General Public,87,442.58,0.3,26953.12
2024-05-11,Prints,West,General Public,28,178.31,0.18,4094.0
2024-06-03,Prints,West,Art Collectors,22,11.07,0.08,224.06
2024-07-03,Commissions,East,Art Collectors,34,228.97,0.22,6072.28
2024-04-28,Commissions,East,General Public,36,367.96,0.18,10862.18
2024-06-05,Prints,North,Art Collectors,42,446.12,0.04,17987.56
2024-07-03,Merchandise,North,Art Collectors,89,189.34,0.3,11795.88
2024-08-02,Prints,West,Art Collectors,8,168.28,0.08,1238.54
2024-02-01,Commissions,West,General Public,62,136.43,0.13,7359.03
2024-12-03,Prints,North,Art Collectors,1,473.48,0.2,378.78
2024-03-25,Commissions,North,Art Collectors,62,213.32,0.29,9390.35
2024-03-03,Merchandise,East,General Public,18,469.02,0.04,8104.67
2024-08-19,Commissions,South,Art Collectors,29,479.49,0.21,10985.12
2024-10-30,Merchandise,East,General Public,79,107.19,0.02,8298.65
2024-11-02,Merchandise,North,General Public,1,155.23,0.25,116.42
2024-11-23,Merchandise,South,Art Collectors,55,289.02,0.29,11286.23
2024-01-23,Merchandise,South,General Public,26,174.95,0.21,3593.47
2024-10-17,Merchandise,North,General Public,5,104.92,0.07,487.88
2024-05-04,Commissions,South,General Public,88,437.55,0.08,35424.05
2024-04-08,Commissions,South,General Public,53,321.64,0.23,13126.13
2024-01-24,Merchandise,East,General Public,35,82.18,0.09,2617.43
2024-10-28,Merchandise,East,General Public,86,440.58,0.05,35995.39
2024-07-09,Prints,South,Art Collectors,44,77.7,0.19,2769.23
2024-07-24,Merchandise,South,Art Collectors,31,357.2,0.2,8858.56
2024-06-22,Commissions,South,Art Collectors,86,262.37,0.28,16245.95
2024-01-28,Merchandise,South,General Public,22,413.67,0.23,7007.57
2024-10-18,Commissions,East,Art Collectors,12,181.28,0.3,1522.75
2024-02-21,Prints,West,Art Collectors,75,292.94,0.08,20212.86
2024-03-16,Merchandise,South,Art Collectors,46,67.97,0.18,2563.83
2024-08-31,Prints,West,Art Collectors,58,362.92,0.29,14945.05
2024-12-21,Commissions,West,General Public,84,90.71,0.21,6019.52
2024-02-10,Prints,South,General Public,68,188.44,0.16,10763.69
2024-01-09,Prints,North,Art Collectors,58,90.83,0.23,4056.47
2024-02-23,Commissions,East,Art Collectors,40,176.39,0.29,5009.48
2024-06-20,Merchandise,East,General Public,59,338.4,0.06,18767.66
2024-10-12,Commissions,East,Art Collectors,86,152.17,0.1,11777.96
2024-12-12,Prints,East,General Public,28,9.3,0.1,234.36
2024-06-05,Prints,West,Art Collectors,88,163.89,0.04,13845.43
2024-09-07,Merchandise,East,General Public,77,103.28,0.28,5725.84
2024-03-20,Merchandise,West,Art Collectors,38,371.5,0.0,14117.0
2024-12-28,Commissions,South,Art Collectors,67,395.9,0.11,23607.52
2024-03-30,Merchandise,East,Art Collectors,64,474.41,0.27,22164.44
2024-03-14,Commissions,East,General Public,70,220.37,0.22,12032.2
2024-10-12,Merchandise,North,Art Collectors,39,219.77,0.22,6685.4
2024-12-25,Commissions,West,General Public,80,323.91,0.13,22544.14
2024-11-03,Commissions,East,Art Collectors,35,353.88,0.29,8793.92
2024-06-09,Commissions,West,General Public,58,360.65,0.14,17989.22
2024-01-18,Merchandise,South,Art Collectors,84,194.73,0.04,15703.03
2024-11-21,Merchandise,East,General Public,59,19.65,0.12,1020.23
2024-03-29,Prints,North,General Public,10,160.77,0.06,1511.24
2024-10-06,Merchandise,North,General Public,89,219.34,0.17,16202.65
2024-07-01,Prints,North,General Public,95,311.0,0.25,22158.75
2024-09-01,Prints,North,Art Collectors,14,142.06,0.14,1710.4
2024-03-04,Prints,South,General Public,82,165.23,0.24,10297.13
2024-08-08,Commissions,North,General Public,4,19.71,0.18,64.65
2024-09-04,Commissions,West,Art Collectors,41,37.06,0.25,1139.6
2024-06-05,Prints,East,Art Collectors,43,346.2,0.02,14588.87
2024-10-13,Commissions,West,Art Collectors,54,157.27,0.05,8067.95
2024-04-08,Merchandise,East,Art Collectors,8,101.64,0.27,593.58
2024-08-26,Merchandise,North,General Public,77,317.25,0.14,21008.3
2024-03-06,Commissions,North,Art Collectors,10,75.74,0.05,719.53
2024-12-24,Commissions,North,General Public,99,191.97,0.02,18624.93
2024-02-07,Commissions,South,Art Collectors,46,333.85,0.17,12746.39
2024-09-06,Commissions,East,Art Collectors,19,468.03,0.1,8003.31
2024-02-05,Merchandise,South,Art Collectors,13,475.73,0.2,4947.59
2024-05-21,Prints,North,Art Collectors,93,115.12,0.19,8671.99
2024-08-02,Prints,West,General Public,1,51.3,0.08,47.2
2024-07-07,Merchandise,South,General Public,8,224.69,0.18,1473.97
2024-10-06,Commissions,East,Art Collectors,49,161.55,0.06,7440.99
2024-07-02,Commissions,East,Art Collectors,79,292.9,0.24,17585.72
2024-03-19,Merchandise,North,Art Collectors,26,158.09,0.25,3082.76
2024-02-16,Commissions,North,Art Collectors,18,412.96,0.21,5872.29
2024-07-19,Prints,East,Art Collectors,19,275.54,0.18,4292.91
2024-06-05,Prints,West,Art Collectors,39,175.68,0.15,5823.79
2024-03-01,Commissions,West,General Public,52,137.22,0.2,5708.35
2024-01-22,Commissions,West,General Public,41,426.52,0.27,12765.74
2024-01-02,Commissions,North,Art Collectors,59,357.96,0.13,18374.09
2024-08-04,Commissions,West,General Public,23,457.06,0.1,9461.14
2024-10-27,Commissions,South,General Public,97,348.86,0.07,31470.66
2024-04-23,Commissions,North,General Public,48,40.71,0.08,1797.75
2024-03-16,Prints,East,Art Collectors,16,335.49,0.05,5099.45
2024-11-09,Merchandise,West,Art Collectors,53,105.03,0.28,4007.94
2024-08-13,Commissions,North,Art Collectors,20,102.96,0.26,1523.81
2024-08-14,Commissions,East,Art Collectors,94,429.15,0.0,40340.1
2024-12-02,Merchandise,West,Art Collectors,64,407.02,0.12,22923.37
2024-11-13,Commissions,East,Art Collectors,14,427.07,0.12,5261.5
2024-02-27,Prints,West,General Public,93,497.14,0.03,44847.0
2024-04-03,Commissions,West,Art Collectors,24,343.36,0.19,6674.92
2024-10-12,Merchandise,West,Art Collectors,43,41.03,0.21,1393.79
2024-05-18,Merchandise,West,General Public,4,253.97,0.11,904.13
2024-09-05,Commissions,East,General Public,53,431.04,0.17,18961.45
2024-04-24,Merchandise,North,Art Collectors,48,422.56,0.16,17037.62
2024-08-03,Prints,East,General Public,50,186.07,0.26,6884.59
2024-05-05,Merchandise,East,Art Collectors,48,190.02,0.24,6931.93
2024-02-28,Merchandise,South,Art Collectors,16,64.57,0.27,754.18
2024-03-07,Merchandise,South,Art Collectors,39,140.29,0.04,5252.46
2024-10-16,Merchandise,South,General Public,61,39.46,0.0,2407.06
2024-05-10,Commissions,West,General Public,86,304.02,0.16,21962.4
2024-12-10,Prints,South,Art Collectors,17,410.69,0.06,6562.83
2024-01-23,Commissions,West,General Public,44,285.03,0.11,11161.77
2024-08-08,Merchandise,South,General Public,82,487.7,0.08,36792.09
2024-12-29,Commissions,North,General Public,59,473.33,0.22,21782.65
2024-09-29,Prints,South,Art Collectors,63,43.74,0.01,2728.06
2024-07-19,Merchandise,West,Art Collectors,34,454.03,0.3,10805.91
2024-03-28,Prints,North,General Public,87,400.17,0.25,26111.09
2024-11-13,Prints,South,General Public,60,469.13,0.12,24770.06
2024-12-21,Merchandise,North,General Public,78,488.01,0.23,29309.88
2024-02-17,Commissions,East,General Public,72,491.44,0.09,32199.15
2024-06-19,Merchandise,West,General Public,44,472.41,0.17,17252.41
2024-01-27,Merchandise,West,General Public,48,294.64,0.28,10182.76
2024-05-11,Commissions,North,Art Collectors,17,84.31,0.04,1375.94
2024-06-03,Merchandise,East,Art Collectors,32,311.26,0.22,7769.05
2024-06-15,Commissions,East,General Public,99,308.71,0.19,24755.45
2024-02-17,Prints,East,General Public,79,154.9,0.22,9544.94
2024-12-01,Merchandise,West,General Public,6,357.9,0.2,1717.92
2024-10-29,Commissions,North,General Public,90,17.13,0.17,1279.61
2024-10-16,Commissions,East,Art Collectors,95,185.9,0.09,16071.06
2024-01-16,Prints,West,Art Collectors,96,145.29,0.25,10460.88
2024-12-29,Merchandise,North,Art Collectors,11,266.81,0.01,2905.56
2024-04-08,Commissions,South,General Public,77,174.05,0.05,12731.76
2024-06-28,Commissions,East,Art Collectors,98,352.08,0.24,26222.92
2024-02-19,Prints,East,Art Collectors,53,201.72,0.09,9728.96
2024-09-05,Merchandise,West,Art Collectors,5,204.19,0.01,1010.74
2024-08-15,Prints,West,Art Collectors,70,30.63,0.03,2079.78
2024-11-18,Merchandise,North,General Public,26,250.91,0.24,4957.98
2024-01-12,Commissions,West,General Public,30,454.49,0.2,10907.76
2024-09-27,Commissions,South,Art Collectors,34,491.79,0.13,14547.15
2024-11-29,Commissions,South,Art Collectors,32,412.37,0.16,11084.51
2024-02-10,Prints,East,General Public,42,424.01,0.01,17630.34
2024-02-02,Merchandise,South,Art Collectors,2,215.04,0.28,309.66
2024-01-01,Commissions,South,General Public,91,263.47,0.06,22537.22
2024-01-01,Commissions,East,General Public,21,351.27,0.25,5532.5
2024-03-09,Merchandise,East,Art Collectors,47,403.6,0.06,17831.05
2024-02-01,Merchandise,East,Art Collectors,88,457.69,0.29,28596.47
2024-09-24,Merchandise,East,General Public,29,384.16,0.17,9246.73
2024-02-16,Commissions,West,Art Collectors,16,441.7,0.15,6007.12
2024-10-13,Prints,East,General Public,77,208.59,0.17,13330.99
2024-10-15,Merchandise,West,Art Collectors,10,301.96,0.06,2838.42
2024-12-19,Commissions,North,General Public,25,45.43,0.03,1101.68
2024-10-27,Prints,West,General Public,19,354.67,0.16,5660.53
2024-02-10,Merchandise,North,General Public,54,19.07,0.23,792.93
2024-12-01,Commissions,North,General Public,5,114.03,0.16,478.93
2024-01-20,Merchandise,North,General Public,12,15.34,0.19,149.1
2024-08-02,Commissions,East,General Public,8,348.85,0.04,2679.17
2024-02-15,Commissions,South,General Public,21,115.54,0.13,2110.92
2024-08-28,Commissions,East,Art Collectors,57,208.94,0.29,8455.8
2024-04-17,Prints,East,General Public,69,143.44,0.25,7423.02
2024-03-01,Commissions,East,General Public,40,184.51,0.04,7085.18
2024-07-24,Commissions,East,Art Collectors,32,159.73,0.0,5111.36
2024-09-15,Merchandise,East,General Public,78,411.39,0.16,26954.27
2024-06-13,Merchandise,North,General Public,30,179.74,0.03,5230.43
2024-04-30,Prints,West,Art Collectors,6,240.68,0.07,1342.99
2024-11-11,Prints,North,General Public,49,64.0,0.03,3041.92
2024-09-09,Commissions,West,Art Collectors,77,223.08,0.17,14257.04
2024-06-08,Prints,East,General Public,76,232.52,0.12,15550.94
2024-06-03,Prints,North,General Public,80,223.69,0.09,16284.63
2024-04-09,Prints,East,Art Collectors,97,431.71,0.05,39782.08
2024-12-22,Prints,West,General Public,51,405.04,0.07,19211.05
2024-08-13,Merchandise,North,General Public,96,269.48,0.22,20178.66
2024-05-29,Commissions,East,General Public,100,483.96,0.19,39200.76
2024-11-28,Prints,North,General Public,64,294.4,0.2,15073.28
2024-02-21,Merchandise,East,General Public,95,38.21,0.24,2758.76
2024-07-30,Prints,South,General Public,2,175.66,0.01,347.81
2024-07-20,Prints,West,Art Collectors,5,129.93,0.0,649.65
2024-09-08,Prints,North,General Public,86,84.52,0.29,5160.79
2024-02-21,Merchandise,South,Art Collectors,89,354.53,0.02,30922.11
2024-11-14,Commissions,South,Art Collectors,78,190.05,0.03,14379.18
2024-11-25,Merchandise,North,General Public,41,450.83,0.09,16820.47
2024-10-21,Prints,South,General Public,35,128.64,0.22,3511.87
2024-05-11,Merchandise,North,Art Collectors,51,110.05,0.21,4433.91
2024-09-21,Merchandise,North,General Public,97,355.42,0.06,32407.2
2024-01-21,Prints,West,Art Collectors,53,233.38,0.14,10637.46
2024-10-10,Commissions,West,Art Collectors,62,459.76,0.17,23659.25
2024-12-12,Commissions,East,General Public,68,475.05,0.18,26488.79
2024-05-25,Prints,West,Art Collectors,13,53.13,0.07,642.34
2024-03-06,Prints,South,Art Collectors,59,289.43,0.25,12807.28
2024-10-28,Prints,South,General Public,20,237.61,0.0,4752.2
2024-12-17,Merchandise,North,General Public,70,254.73,0.24,13551.64
2024-11-27,Commissions,North,General Public,42,147.85,0.11,5526.63
2024-08-28,Commissions,East,Art Collectors,52,140.55,0.05,6943.17
2024-05-17,Prints,East,Art Collectors,79,221.53,0.24,13300.66
2024-02-26,Prints,North,General Public,35,270.36,0.16,7948.58
2024-01-05,Commissions,West,Art Collectors,42,444.2,0.12,16417.63
2024-06-12,Prints,East,Art Collectors,65,368.0,0.07,22245.6
2024-10-05,Prints,West,Art Collectors,71,475.49,0.16,28358.22
2024-11-21,Commissions,West,General Public,46,433.76,0.15,16960.02
2024-04-16,Commissions,South,Art Collectors,93,477.4,0.29,31522.72
2024-11-19,Commissions,East,Art Collectors,41,494.1,0.15,17219.39
2024-12-21,Merchandise,South,Art Collectors,51,176.62,0.05,8557.24
2024-09-27,Commissions,East,Art Collectors,7,377.06,0.26,1953.17
2024-07-09,Commissions,East,General Public,64,461.59,0.23,22747.16
2024-06-02,Merchandise,East,Art Collectors,33,296.07,0.28,7034.62
2024-11-15,Commissions,South,Art Collectors,37,482.14,0.14,15341.69
2024-08-09,Merchandise,West,Art Collectors,71,40.5,0.01,2846.74
2024-07-06,Merchandise,South,Art Collectors,52,98.87,0.07,4781.35
2024-03-17,Merchandise,East,Art Collectors,35,93.94,0.2,2630.32
2024-03-10,Merchandise,West,Art Collectors,82,439.75,0.07,33535.34
2024-12-06,Merchandise,East,Art Collectors,56,247.6,0.26,10260.54
2024-11-02,Prints,South,General Public,10,206.49,0.07,1920.36
2024-05-02,Prints,South,Art Collectors,43,426.76,0.16,15414.57
2024-11-16,Prints,North,Art Collectors,45,345.48,0.18,12748.21
2024-04-20,Commissions,West,General Public,26,473.54,0.27,8987.79
2024-01-03,Prints,East,Art Collectors,36,34.66,0.22,973.25
2024-09-04,Prints,West,General Public,99,329.5,0.17,27075.02
2024-05-13,Commissions,West,Art Collectors,89,370.62,0.02,32325.48
2024-12-03,Prints,West,Art Collectors,15,191.72,0.22,2243.12
2024-10-15,Prints,South,Art Collectors,96,216.06,0.08,19082.42
2024-07-24,Prints,North,Art Collectors,96,290.37,0.01,27596.76
2024-04-28,Commissions,North,Art Collectors,30,367.29,0.29,7823.28
2024-03-24,Commissions,East,General Public,66,104.95,0.06,6511.1
2024-12-18,Commissions,North,Art Collectors,96,38.18,0.08,3372.06
2024-12-30,Commissions,North,General Public,100,304.09,0.16,25543.56
2024-09-18,Prints,North,General Public,62,337.58,0.15,17790.47
2024-02-14,Merchandise,East,General Public,34,419.3,0.26,10549.59
2024-01-02,Prints,South,General Public,11,220.19,0.25,1816.57
2024-10-19,Commissions,West,General Public,7,300.02,0.09,1911.13
2024-07-19,Commissions,North,Art Collectors,41,185.66,0.23,5861.29
2024-12-22,Commissions,East,General Public,80,225.33,0.27,13159.27
2024-10-20,Prints,South,General Public,51,115.31,0.18,4822.26
2024-08-12,Merchandise,East,Art Collectors,100,8.58,0.27,626.34
2024-12-20,Commissions,North,Art Collectors,76,280.33,0.02,20878.98
2024-07-04,Prints,North,Art Collectors,8,487.4,0.15,3314.32
2024-11-21,Merchandise,East,General Public,66,192.07,0.1,11408.96
2024-04-16,Commissions,East,General Public,96,236.85,0.06,21373.34
2024-01-17,Commissions,East,Art Collectors,60,298.48,0.15,15222.48
2024-02-20,Prints,North,General Public,42,16.37,0.24,522.53
2024-01-05,Merchandise,North,Art Collectors,73,496.53,0.06,34071.89
2024-03-24,Merchandise,West,General Public,47,180.87,0.29,6035.63
2024-04-05,Merchandise,West,Art Collectors,73,102.51,0.11,6660.07
2024-09-25,Merchandise,East,Art Collectors,52,96.81,0.23,3876.27
2024-02-02,Prints,North,Art Collectors,36,40.16,0.27,1055.4
2024-03-08,Merchandise,North,General Public,81,378.34,0.29,21758.33
2024-06-27,Commissions,West,Art Collectors,2,412.38,0.3,577.33
2024-08-08,Commissions,East,Art Collectors,4,54.2,0.13,188.62
2024-07-28,Prints,East,General Public,99,144.59,0.18,11737.82
2024-12-05,Prints,South,General Public,59,464.33,0.16,23012.19
2024-10-05,Merchandise,North,General Public,41,472.76,0.2,15506.53
2024-03-30,Commissions,East,Art Collectors,8,491.88,0.14,3384.13
2024-05-08,Commissions,North,Art Collectors,74,24.78,0.1,1650.35
2024-05-09,Prints,South,Art Collectors,91,58.04,0.18,4330.94
2024-09-07,Merchandise,East,Art Collectors,33,252.43,0.19,6747.45
2024-12-05,Prints,East,Art Collectors,86,277.16,0.18,19545.32
2024-01-20,Prints,West,Art Collectors,83,53.94,0.1,4029.32
2024-04-14,Prints,South,Art Collectors,71,191.74,0.29,9665.61
2024-10-28,Commissions,West,Art Collectors,64,299.81,0.04,18420.33
2024-11-11,Merchandise,North,General Public,55,59.26,0.11,2900.78
2024-06-13,Merchandise,West,Art Collectors,67,91.27,0.28,4402.86
2024-10-18,Commissions,West,General Public,9,181.88,0.01,1620.55
2024-04-29,Prints,South,General Public,39,37.2,0.13,1262.2
2024-12-14,Merchandise,West,Art Collectors,92,167.7,0.13,13422.71
2024-01-24,Commissions,West,General Public,25,42.51,0.04,1020.24
2024-10-16,Merchandise,East,General Public,78,235.33,0.05,17437.95
2024-07-28,Commissions,South,General Public,80,55.94,0.22,3490.66
2024-04-21,Commissions,South,General Public,57,107.77,0.05,5835.75
2024-11-03,Merchandise,East,Art Collectors,36,131.14,0.26,3493.57
2024-12-21,Commissions,South,General Public,49,312.69,0.15,13023.54
2024-12-30,Prints,North,Art Collectors,75,49.55,0.23,2861.51
2024-03-31,Prints,West,Art Collectors,3,102.54,0.19,249.17
2024-01-26,Commissions,North,General Public,66,174.47,0.03,11169.57
2024-02-20,Commissions,West,Art Collectors,46,430.39,0.25,14848.45
2024-02-20,Merchandise,North,Art Collectors,18,86.01,0.17,1284.99
2024-02-08,Merchandise,North,General Public,16,439.05,0.22,5479.34
2024-10-28,Merchandise,South,General Public,14,99.27,0.16,1167.42
2024-04-02,Commissions,East,Art Collectors,65,283.98,0.19,14951.55
2024-02-08,Commissions,North,Art Collectors,39,198.4,0.12,6809.09
2024-04-09,Prints,East,General Public,46,392.19,0.17,14973.81
2024-01-29,Merchandise,South,Art Collectors,57,446.74,0.07,23681.69
2024-11-13,Commissions,South,Art Collectors,100,117.29,0.18,9617.78
2024-08-09,Commissions,West,General Public,53,463.3,0.1,22099.41
2024-02-27,Commissions,West,General Public,55,172.53,0.21,7496.43
2024-04-21,Merchandise,South,General Public,59,47.62,0.07,2612.91
2024-01-27,Prints,West,General Public,54,192.16,0.17,8612.61
2024-08-14,Commissions,North,Art Collectors,18,303.97,0.22,4267.74
2024-04-29,Prints,South,Art Collectors,27,370.66,0.23,7706.02
2024-04-22,Prints,East,Art Collectors,51,312.68,0.11,14192.55
2024-03-28,Commissions,North,Art Collectors,73,186.29,0.28,9791.4
2024-04-21,Commissions,West,Art Collectors,30,189.47,0.12,5002.01
2024-01-12,Merchandise,North,Art Collectors,39,212.97,0.3,5814.08
